Teste Lucilene Braga Teste;77316408847;77316408847;'Agostinho Barros Teste Teste';'Sandra Reis Teste Teste';Selma.Reis1@yahoo.com;559171585244;20/02/2023;77316408847;Cesgran123;semfoto.jpg
Teste Edinar Nogueira Teste;41711774057;41711774057;'Jussara Moraes Teste Teste';'Romano Carvalho Teste Teste';Matias_Nogueira@gmail.com;7839291225;16/02/2023;41711774057;Cesgran123;semfoto.jpg
Teste Genildo Carvalho Teste;85762855414;85762855414;'Branca Moreira Teste Teste';'Mitiko Franco Teste Teste';Beatriz93@bol.com.br;555034543552;31/03/2023;85762855414;Cesgran123;semfoto.jpg
Teste Ângelo Melo Teste;88342290450;88342290450;'Ilka Souza Teste Teste';'Sandra Xavier Teste Teste';Mara_Batista@live.com;01696567495;25/08/2022;88342290450;Cesgran123;semfoto.jpg
Teste Andreia Costa Teste;84234571504;84234571504;'Remerson Moraes Teste Teste';'Luo Barros Teste Teste';Ariovaldo_Martins14@gmail.com;553550584599;30/12/2022;84234571504;Cesgran123;semfoto.jpg
Teste Juana Moraes Teste;21606138863;21606138863;'Celcina Moraes Teste Teste';'Cleomar Albuquerque Teste Teste';Joseilton18@yahoo.com;63539103177;16/02/2023;21606138863;Cesgran123;semfoto.jpg
Teste Mitico Nogueira Teste;75406871269;75406871269;'Vanderli Santos Teste Teste';'Marcilia Martins Teste Teste';Hamilton.Reis@live.com;3865212584;14/04/2023;75406871269;Cesgran123;semfoto.jpg
Teste Jemima Melo Teste;26891703611;26891703611;'Elen Reis Teste Teste';'Yuko Pereira Teste Teste';Beatriz.Carvalho70@hotmail.com;5512423864;22/08/2022;26891703611;Cesgran123;semfoto.jpg
Teste Marivania Moraes Teste;18736497460;18736497460;'Marcilia Xavier Teste Teste';'Elba Moraes Teste Teste';Rose.Macedo9@live.com;69609367816;04/07/2022;18736497460;Cesgran123;semfoto.jpg
Teste Sara Reis Teste;39507251219;39507251219;'Gleison Xavier Teste Teste';'Genivaldo Albuquerque Filho Teste Teste';Vanessa7@live.com;6274332623;23/02/2023;39507251219;Cesgran123;semfoto.jpg
Teste Michela Xavier Teste;75239124434;75239124434;'Jussiane Carvalho Teste Teste';'Rosemeire Pereira Teste Teste';Lgia_Moreira78@bol.com.br;550439086008;22/04/2023;75239124434;Cesgran123;semfoto.jpg
Teste Adelia Costa Teste;96176637406;96176637406;'Roselly Reis Teste Teste';'Débora Macedo Teste Teste';Manuel17@live.com;555555422733;09/04/2023;96176637406;Cesgran123;semfoto.jpg
Teste Cíntia Batista Teste;94867112755;94867112755;'Edwirges Melo Teste Teste';'Clélia Melo Teste Teste';Lvia_Macedo@gmail.com;558066590260;07/09/2022;94867112755;Cesgran123;semfoto.jpg
Teste Révia Albuquerque Teste;10148273459;10148273459;'Diane Costa Neto Teste Teste';'Eudes Franco Teste Teste';Kacia26@gmail.com;5073825629;06/06/2022;10148273459;Cesgran123;semfoto.jpg
Teste Americo Moreira Teste;06352371485;06352371485;'Lazara Moraes Teste Teste';'Irineu Carvalho Teste Teste';Layandson.Nogueira29@gmail.com;557724162271;24/11/2022;06352371485;Cesgran123;semfoto.jpg
Teste Vanderlin Batista Teste;50720435170;50720435170;'Deijaniro Souza Teste Teste';'Tarly Macedo Teste Teste';Christianne61@live.com;3679619112;16/02/2023;50720435170;Cesgran123;semfoto.jpg
Teste Arthur Silva Teste;13226780069;13226780069;'Celly Melo Teste Teste';'Thalita Braga Filho Teste Teste';Ivandaro.Nogueira@yahoo.com;7464839977;08/04/2023;13226780069;Cesgran123;semfoto.jpg
Teste Oriovaldo Costa Teste;36519824593;36519824593;'Ivanildo Saraiva Teste Teste';'Orleans Carvalho Teste Teste';Wendell_Albuquerque@hotmail.com;14417650020;18/09/2022;36519824593;Cesgran123;semfoto.jpg
Teste Ruth Albuquerque Teste;29482323688;29482323688;'Gislandio Martins Teste Teste';'Oswaldo Moreira Teste Teste';Karina_Martins@hotmail.com;552215372156;20/02/2023;29482323688;Cesgran123;semfoto.jpg
Teste Eroaldo Carvalho Teste;59281613360;59281613360;'Tiago Martins Teste Teste';'Nerivaldo Melo Teste Teste';Lucineide.Moraes92@live.com;556480231963;15/01/2023;59281613360;Cesgran123;semfoto.jpg
Teste Iarali Melo Teste;83681867305;83681867305;'Jeovane Carvalho Teste Teste';'Beatriz Martins Teste Teste';Elvira.Moraes@yahoo.com;00367272772;08/07/2022;83681867305;Cesgran123;semfoto.jpg
Teste Haylson Carvalho Teste;15378552559;15378552559;'Valdira Melo Teste Teste';'Nílvio Batista Teste Teste';Clenidas2@bol.com.br;6457971555;29/03/2023;15378552559;Cesgran123;semfoto.jpg
Teste Aloisio Xavier Teste;32514150183;32514150183;'Tereza Souza Teste Teste';'Fernanda Carvalho Teste Teste';Sebastiana_Saraiva@yahoo.com;558425342837;12/04/2023;32514150183;Cesgran123;semfoto.jpg
Teste Masaru Nogueira Teste;54375364882;54375364882;'Magali Martins Teste Teste';'Héctor Batista Teste Teste';Aldenir_Reis@bol.com.br;558822810781;26/01/2023;54375364882;Cesgran123;semfoto.jpg
Teste Hermes Moraes Teste;64474635493;64474635493;'Thalita Oliveira Teste Teste';'Emília Pereira Teste Teste';Alexsandro_Souza@gmail.com;86213830404;22/10/2022;64474635493;Cesgran123;semfoto.jpg
Teste Irlene Carvalho Filho Teste;88177433130;88177433130;'Lara Melo Teste Teste';'Amarai Nogueira Teste Teste';Edina.Oliveira@bol.com.br;3656330694;29/10/2022;88177433130;Cesgran123;semfoto.jpg
Teste Fabiane Batista Teste;86336381692;86336381692;'Lucineide Silva Teste Teste';'Julie Saraiva Teste Teste';Dorinaldo.Silva@hotmail.com;8422058978;27/06/2022;86336381692;Cesgran123;semfoto.jpg
Teste Khalil Pereira Teste;12157744002;12157744002;'Pierluigi Martins Teste Teste';'Lucas Santos Teste Teste';Alexandra_Albuquerque89@hotmail.com;0182204333;01/06/2023;12157744002;Cesgran123;semfoto.jpg
Teste Soraya Albuquerque Teste;57814865425;57814865425;'Corina Carvalho Teste Teste';'Cleonice Santos Teste Teste';Auto_Carvalho@hotmail.com;0287021009;26/06/2022;57814865425;Cesgran123;semfoto.jpg
Teste Getúlio Carvalho Neto Teste;88562631493;88562631493;'Liliane Reis Teste Teste';'Luzia Melo Teste Teste';Valdio.Macedo@bol.com.br;18494840154;30/08/2022;88562631493;Cesgran123;semfoto.jpg
Teste Saikinia Xavier Teste;66859118911;66859118911;'Geovan Souza Teste Teste';'Natalino Souza Teste Teste';Eriosvaldo.Souza@yahoo.com;97776084149;14/04/2023;66859118911;Cesgran123;semfoto.jpg
Teste Cornelio Reis Teste;29459854389;29459854389;'Edna Oliveira Teste Teste';'Ednylson Reis Teste Teste';Cinara.Pereira89@bol.com.br;84011589557;11/07/2022;29459854389;Cesgran123;semfoto.jpg
Teste Karin Nogueira Teste;84936658278;84936658278;'Elizabeth Saraiva Teste Teste';'Maeve Xavier Teste Teste';Eddy.Pereira@bol.com.br;554005033051;11/01/2023;84936658278;Cesgran123;semfoto.jpg
Teste Rosimari Macedo Filho Teste;38318305680;38318305680;'Rita Franco Teste Teste';'Maricy Martins Teste Teste';Anne11@hotmail.com;22783256416;21/02/2023;38318305680;Cesgran123;semfoto.jpg
Teste Johann Albuquerque Teste;38230545111;38230545111;'Teresa Nogueira Teste Teste';'Maria Carvalho Teste Teste';Desir.Carvalho32@bol.com.br;555748096286;05/07/2022;38230545111;Cesgran123;semfoto.jpg
Teste Lorena Santos Teste;18952580818;18952580818;'Christianne Macedo Teste Teste';'Joseph Costa Teste Teste';Tomico_Xavier@bol.com.br;551847753985;16/11/2022;18952580818;Cesgran123;semfoto.jpg
Teste Luzia Costa Teste;30889509409;30889509409;'Lenycia Franco Teste Teste';'Sílvio Franco Teste Teste';Omero37@gmail.com;9312112506;24/07/2022;30889509409;Cesgran123;semfoto.jpg
Teste Aminadab Reis Teste;84427228402;84427228402;'Orozino Pereira Teste Teste';'Dalva Batista Teste Teste';Benedita_Souza48@bol.com.br;2413143097;14/03/2023;84427228402;Cesgran123;semfoto.jpg
Teste Carmen Martins Teste;83758259800;83758259800;'Saikinia Carvalho Teste Teste';'Inocêncio Barros Teste Teste';Valeria93@hotmail.com;551289731833;31/12/2022;83758259800;Cesgran123;semfoto.jpg
Teste Glaucia Reis Teste;14959447605;14959447605;'Guadalupe Barros Teste Teste';'Vander Souza Neto Teste Teste';Paula_Franco14@hotmail.com;4706046154;23/01/2023;14959447605;Cesgran123;semfoto.jpg
Teste Odontino Braga Filho Teste;42832553273;42832553273;'Melisa Moreira Teste Teste';'Yan Carvalho Teste Teste';Elzo45@bol.com.br;5380291730;15/02/2023;42832553273;Cesgran123;semfoto.jpg
Teste Marta Braga Neto Teste;67249324160;67249324160;'Ludyenne Carvalho Teste Teste';'Jevetic Franco Teste Teste';Edson.Carvalho68@live.com;52493442930;21/10/2022;67249324160;Cesgran123;semfoto.jpg
Teste Jeronymo Xavier Teste;45757144882;45757144882;'Nuno Saraiva Teste Teste';'Magda Martins Filho Teste Teste';Shirley26@live.com;553004388131;23/06/2022;45757144882;Cesgran123;semfoto.jpg
Teste Vânia Barros Teste;64423928809;64423928809;'Miguel Carvalho Teste Teste';'Joseph Moreira Teste Teste';Neusa_Silva74@yahoo.com;0226873186;12/11/2022;64423928809;Cesgran123;semfoto.jpg
Teste Nilda Moreira Teste;20496066307;20496066307;'Loide Martins Teste Teste';'Cristina Nogueira Teste Teste';Cleide36@live.com;554159373476;29/05/2023;20496066307;Cesgran123;semfoto.jpg
Teste Franccesco Saraiva Teste;23327368244;23327368244;'Ivani Moraes Teste Teste';'Osorio Souza Teste Teste';Sany68@hotmail.com;5461513671;13/06/2022;23327368244;Cesgran123;semfoto.jpg
Teste Karim Costa Teste;68570248555;68570248555;'Paschoal Albuquerque Teste Teste';'Christine Nogueira Teste Teste';Gianni.Carvalho8@bol.com.br;3972977875;23/11/2022;68570248555;Cesgran123;semfoto.jpg
Teste Adda Albuquerque Neto Teste;14785773200;14785773200;'Iracy Melo Teste Teste';'Cornelio Costa Teste Teste';Darcy.Albuquerque@hotmail.com;6585233297;10/06/2022;14785773200;Cesgran123;semfoto.jpg
Teste Revail Martins Teste;88730742510;88730742510;'Daniella Costa Teste Teste';'Jemima Santos Teste Teste';Cleverton_Souza89@yahoo.com;556220492949;18/08/2022;88730742510;Cesgran123;semfoto.jpg
Teste Glaicon Albuquerque Teste;19158613811;19158613811;'Wendell Batista Teste Teste';'Agenor Oliveira Teste Teste';Anita_Moraes@bol.com.br;43822649470;21/08/2022;19158613811;Cesgran123;semfoto.jpg
Teste Yanina Barros Teste;78503567300;78503567300;'Josue Reis Teste Teste';'Moizes Costa Teste Teste';Andreza.Macedo20@bol.com.br;0258414202;20/06/2022;78503567300;Cesgran123;semfoto.jpg
Teste Angela Moraes Teste;34329872188;34329872188;'Fabiana Melo Teste Teste';'Octávio Barros Teste Teste';Sirlei65@gmail.com;5784824479;26/07/2022;34329872188;Cesgran123;semfoto.jpg
Teste Cassimiro Carvalho Teste;62198215640;62198215640;'Welson Pereira Teste Teste';'Edicarlos Pereira Teste Teste';Odenir_Silva46@gmail.com;93835880558;22/09/2022;62198215640;Cesgran123;semfoto.jpg
Teste Cleverton Martins Teste;52756378291;52756378291;'Yip Macedo Teste Teste';'Francisca Batista Teste Teste';Lenilson_Nogueira@bol.com.br;92069240119;05/03/2023;52756378291;Cesgran123;semfoto.jpg
Teste Irai Oliveira Teste;12648053220;12648053220;'Odineide Melo Filho Teste Teste';'Larissa Silva Teste Teste';Conceiao98@hotmail.com;558473377869;18/10/2022;12648053220;Cesgran123;semfoto.jpg
Teste Eulália Batista Teste;92209865662;92209865662;'Arnulfo Macedo Teste Teste';'Idinei Pereira Teste Teste';Muhidin.Batista@hotmail.com;558152532680;11/09/2022;92209865662;Cesgran123;semfoto.jpg
Teste Yonne Oliveira Teste;58106626253;58106626253;'Ivaneide Santos Teste Teste';'Mitico Pereira Teste Teste';Walquiria_Macedo18@bol.com.br;90465251413;16/07/2022;58106626253;Cesgran123;semfoto.jpg
Teste Elianay Silva Teste;76219515676;76219515676;'Eva Moraes Teste Teste';'Ronney Batista Neto Teste Teste';Victor2@bol.com.br;0407633502;18/01/2023;76219515676;Cesgran123;semfoto.jpg
Teste Vanise Melo Filho Teste;35088464312;35088464312;'Cirene Moreira Teste Teste';'Eliene Souza Teste Teste';Anailza77@gmail.com;9454776346;03/05/2023;35088464312;Cesgran123;semfoto.jpg
Teste Sonia Barros Teste;72127047761;72127047761;'Maisa Oliveira Teste Teste';'Gleisson Xavier Teste Teste';Jeffrey10@live.com;552944032490;04/02/2023;72127047761;Cesgran123;semfoto.jpg
Teste Evany Oliveira Teste;52451481293;52451481293;'Bernardina Carvalho Teste Teste';'Gabrielle Santos Filho Teste Teste';Euler_Moraes@bol.com.br;557937779512;11/03/2023;52451481293;Cesgran123;semfoto.jpg
Teste Joubert Braga Teste;34018771517;34018771517;'Antõnio Santos Teste Teste';'Railey Macedo Teste Teste';Eibert.Barros82@bol.com.br;22773109954;20/09/2022;34018771517;Cesgran123;semfoto.jpg
Teste Reginaldo Macedo Filho Teste;36099884602;36099884602;'Kely Saraiva Teste Teste';'Kamis Xavier Teste Teste';Benilde.Saraiva@bol.com.br;5136351859;12/03/2023;36099884602;Cesgran123;semfoto.jpg
Teste Urika Nogueira Teste;52873422416;52873422416;'Kelin Batista Teste Teste';'Gutemberg Xavier Teste Teste';Rudinei.Moreira@yahoo.com;82416183807;04/06/2022;52873422416;Cesgran123;semfoto.jpg
Teste Hubert Moreira Teste;42608466559;42608466559;'Elita Martins Teste Teste';'Idalina Barros Teste Teste';Tibor91@hotmail.com;550183265093;17/11/2022;42608466559;Cesgran123;semfoto.jpg
Teste Viviani Silva Teste;17727662917;17727662917;'Mauro Costa Teste Teste';'Melquíades Oliveira Neto Teste Teste';Tomaz_Moreira94@live.com;2240125745;05/04/2023;17727662917;Cesgran123;semfoto.jpg
Teste Kely Costa Teste;94715212706;94715212706;'Consuelo Carvalho Teste Teste';'Americo Braga Teste Teste';Kamis.Batista27@bol.com.br;76322522558;27/10/2022;94715212706;Cesgran123;semfoto.jpg
Teste Emanoel Santos Teste;71925962210;71925962210;'Alcedir Martins Teste Teste';'Roberson Macedo Teste Teste';Abdias88@live.com;559961771745;17/09/2022;71925962210;Cesgran123;semfoto.jpg
Teste Antoninho Moraes Teste;12544461500;12544461500;'Edelcio Macedo Teste Teste';'Admilson Xavier Teste Teste';Odir_Braga29@gmail.com;557806643157;09/09/2022;12544461500;Cesgran123;semfoto.jpg
Teste Militão Pereira Teste;02007235374;02007235374;'Silene Moreira Teste Teste';'Denilcio Nogueira Teste Teste';Mirabel.Carvalho@hotmail.com;1708459998;22/07/2022;02007235374;Cesgran123;semfoto.jpg
Teste Jurandi Albuquerque Teste;98579333270;98579333270;'Wen Souza Teste Teste';'Aroldo Costa Teste Teste';Shigueo7@yahoo.com;553499335228;31/03/2023;98579333270;Cesgran123;semfoto.jpg
Teste Anatalia Moraes Filho Teste;83164553234;83164553234;'Cleber Martins Teste Teste';'Elise Franco Teste Teste';Vital.Albuquerque@bol.com.br;1372475701;29/04/2023;83164553234;Cesgran123;semfoto.jpg
Teste Margaret Souza Teste;84566558720;84566558720;'Celina Moraes Teste Teste';'Elan Barros Teste Teste';Ananias97@hotmail.com;7259511783;25/06/2022;84566558720;Cesgran123;semfoto.jpg
Teste Lydia Martins Teste;94315198447;94315198447;'Josias Xavier Teste Teste';'Juliana Carvalho Neto Teste Teste';Liliane.Albuquerque28@hotmail.com;70009236559;27/02/2023;94315198447;Cesgran123;semfoto.jpg
Teste Lindalva Xavier Teste;51866112805;51866112805;'Fledilson Franco Neto Teste Teste';'Marlene Nogueira Teste Teste';Edinaldo.Reis@hotmail.com;4636927196;29/12/2022;51866112805;Cesgran123;semfoto.jpg
Teste Amélia Batista Teste;47043933307;47043933307;'Wiliam Martins Teste Teste';'Caren Franco Teste Teste';Dina.Moraes14@gmail.com;559743505109;20/08/2022;47043933307;Cesgran123;semfoto.jpg
Teste Elvis Moraes Teste;71124663851;71124663851;'Oraldo Santos Teste Teste';'Acyr Reis Teste Teste';Clvis.Moraes@gmail.com;62862387945;21/05/2023;71124663851;Cesgran123;semfoto.jpg
Teste Agenor Nogueira Neto Teste;87257905797;87257905797;'Denicio Moreira Teste Teste';'Valdivina Silva Teste Teste';Mirabel_Albuquerque60@live.com;555007534224;06/07/2022;87257905797;Cesgran123;semfoto.jpg
Teste Maura Costa Teste;64181341330;64181341330;'Jussiane Souza Teste Teste';'Francisca Melo Teste Teste';Josefina.Barros@gmail.com;554852555662;09/01/2023;64181341330;Cesgran123;semfoto.jpg
Teste Iracema Nogueira Teste;77664394848;77664394848;'Imad Franco Teste Teste';'Floraci Braga Teste Teste';Edmilson1@live.com;555795622555;07/07/2022;77664394848;Cesgran123;semfoto.jpg
Teste Floriano Costa Teste;39335964590;39335964590;'Aderbal Santos Teste Teste';'Alecio Braga Teste Teste';Claudete88@yahoo.com;1428294936;20/04/2023;39335964590;Cesgran123;semfoto.jpg
Teste Stamatia Melo Teste;56568057355;56568057355;'Adelmo Braga Teste Teste';'Edesio Melo Teste Teste';Jos34@live.com;14974868539;26/12/2022;56568057355;Cesgran123;semfoto.jpg
Teste Max Pereira Teste;43235796169;43235796169;'Lorena Melo Teste Teste';'Graziella Santos Teste Teste';Plcido.Silva@yahoo.com;559738052949;27/04/2023;43235796169;Cesgran123;semfoto.jpg
Teste Ruís Moraes Filho Teste;58160613130;58160613130;'Marie Moraes Teste Teste';'Inês Carvalho Teste Teste';Joriv_Martins@hotmail.com;22947266752;13/05/2023;58160613130;Cesgran123;semfoto.jpg
Teste Leirton Barros Teste;45358288813;45358288813;'Fabiane Saraiva Teste Teste';'Raimunda Oliveira Teste Teste';Janete1@yahoo.com;13266134344;12/07/2022;45358288813;Cesgran123;semfoto.jpg
Teste Flávio Barros Teste;58297069702;58297069702;'Raelson Carvalho Teste Teste';'Li Pereira Teste Teste';Angelica86@bol.com.br;27334768702;29/12/2022;58297069702;Cesgran123;semfoto.jpg
Teste Ellen Carvalho Teste;06382469700;06382469700;'Mário Reis Teste Teste';'Cíntia Costa Teste Teste';Klaus.Moreira@bol.com.br;5255217637;24/02/2023;06382469700;Cesgran123;semfoto.jpg
Teste Tomiko Moraes Teste;15483435605;15483435605;'Gilfran Barros Teste Teste';'Katsumi Reis Teste Teste';Flormira.Braga@yahoo.com;58604020337;21/09/2022;15483435605;Cesgran123;semfoto.jpg
Teste Jofre Albuquerque Teste;13825357597;13825357597;'Eloy Braga Teste Teste';'Sivirino Carvalho Teste Teste';Cesare.Albuquerque@gmail.com;8737512460;08/11/2022;13825357597;Cesgran123;semfoto.jpg
Teste Fabiane Xavier Teste;90211443794;90211443794;'Denir Costa Teste Teste';'Jorselino Santos Teste Teste';Moyss_Batista@hotmail.com;555354262591;01/10/2022;90211443794;Cesgran123;semfoto.jpg
Teste Aparecida Carvalho Teste;81734865229;81734865229;'Graziella Xavier Teste Teste';'Hercules Oliveira Neto Teste Teste';Brunno_Barros@yahoo.com;39951822811;01/02/2023;81734865229;Cesgran123;semfoto.jpg
Teste Jenifer Barros Teste;35512594702;35512594702;'Ho Costa Teste Teste';'Arethusa Martins Teste Teste';Eullia.Nogueira15@live.com;558974240226;31/05/2023;35512594702;Cesgran123;semfoto.jpg
Teste Danielle Saraiva Teste;14627269501;14627269501;'Judson Barros Teste Teste';'Eunápio Nogueira Teste Teste';Inessa.Nogueira@gmail.com;05087876168;24/01/2023;14627269501;Cesgran123;semfoto.jpg
Teste Simon Silva Teste;24695250632;24695250632;'Jorge Barros Teste Teste';'Martha Batista Teste Teste';Marcio_Xavier@bol.com.br;552025081720;18/09/2022;24695250632;Cesgran123;semfoto.jpg
Teste Vanilda Melo Teste;71780532083;71780532083;'Clarice Oliveira Teste Teste';'Hairton Pereira Teste Teste';Melissa.Saraiva@gmail.com;550362294025;08/05/2023;71780532083;Cesgran123;semfoto.jpg
Teste Izilda Martins Neto Teste;77236758442;77236758442;'Leirton Barros Teste Teste';'Candida Carvalho Teste Teste';Flavia9@gmail.com;2441008232;20/10/2022;77236758442;Cesgran123;semfoto.jpg
Teste Ismar Pereira Teste;57464040988;57464040988;'Rocio Braga Teste Teste';'Adelara Souza Teste Teste';Anatalia_Xavier@hotmail.com;553260378154;02/10/2022;57464040988;Cesgran123;semfoto.jpg
Teste Abílio Melo Teste;50307453863;50307453863;'Volcei Xavier Teste Teste';'Altivanir Macedo Teste Teste';Marcela_Moraes97@bol.com.br;11754364073;04/09/2022;50307453863;Cesgran123;semfoto.jpg
Teste Valmor Braga Teste;29522518867;29522518867;'Zdravko Silva Teste Teste';'Keylla Franco Teste Teste';Anglio.Franco@gmail.com;550390359737;03/05/2023;29522518867;Cesgran123;semfoto.jpg
Teste Rute Albuquerque Filho Teste;11816273546;11816273546;'Vicente Braga Teste Teste';'Celcina Albuquerque Teste Teste';Vital_Pereira30@hotmail.com;11925307124;07/02/2023;11816273546;Cesgran123;semfoto.jpg
